agg_iter,mAP,avgloss
0,82.32708040632143,4.697530331529097
1,85.92486992255344,3.7934627939182946
