epoch,OP,OR,OF1,CP,CR,CF1,OP_3,OR_3,OF1_3,CP_3,CR_3,CF1_3,map,loss
0,0.45674617301530795,0.7145641882483987,0.5572809208383105,0.11696657659126403,0.17175811594112284,0.13916342691157266,0.7883333333333333,0.39515455304928987,0.5264329437952142,0.2788613092083362,0.055537976666799986,0.09262814568251694,13.484356880187988,0.027279375990231825
1,0.5475950895552425,0.7579387186629526,0.6358219418156326,0.3603673111066312,0.20091868357849652,0.2579951270399491,0.8538888888888889,0.42813370473537604,0.5703153988868276,0.8653820905255646,0.056824671595189814,0.1066464812844975,19.8075008392334,0.023113759905099854
2,0.5667686034658511,0.7741576162628794,0.6544256120527308,0.37927248877001846,0.23227976371478845,0.28811053746289095,0.865,0.43358395989974935,0.5776293823038398,0.8899201494155069,0.06065852218558129,0.11357553612221094,26.051834106445312,0.0216900618498524
