epoch,OP,OR,OF1,CP,CR,CF1,OP_3,OR_3,OF1_3,CP_3,CR_3,CF1_3,map,loss
0,0.5749902610050642,0.6776859504132231,0.6221285563751315,0.08527619039521431,0.15067185938702832,0.10891145046672197,0.7510683760683761,0.32277318640955005,0.4515093127809891,0.2324515287245511,0.05527126273925326,0.08930741602298134,14.087150573730469,0.31383004631751615
