agg_iter,OP,OR,OF1,CP,CR,CF1,OP_3,OR_3,OF1_3,CP_3,CR_3,CF1_3,map,loss
0,0.6333971206408757,0.845800944434177,0.7240861017744119,0.6215764624577724,0.7776764618082316,0.6907470909609056,0.7891867558500663,0.7104095953345801,0.742964690441181,0.7673146547169667,0.643856017846992,0.6874379607256567,77.40040196264485,8.763674108311008
1,0.6303773120440068,0.8616818255113666,0.728090810006285,0.6198203856155942,0.8063306018992183,0.7006775246735941,0.7958700777651068,0.7199707046497451,0.7509579051390181,0.7683095367331984,0.6680206046248875,0.7033514798345503,79.77198928345253,8.4759298567465
2,0.6561213029525774,0.8585416856251088,0.7437407574663039,0.6475905314444674,0.8037916926111028,0.7170641292685515,0.8049759898167882,0.7217435576696534,0.7561648567522763,0.7829274003997312,0.6702115015504807,0.7119146918617413,80.25603102639755,8.427787051279816
