epoch,OP,OR,OF1,CP,CR,CF1,OP_3,OR_3,OF1_3,CP_3,CR_3,CF1_3,map,loss
0,0.5692390427534283,0.5893652561247216,0.5791273423608262,0.07445982164776418,0.08862363353070515,0.08092666345892237,0.795,0.3983853006681514,0.530786350148368,0.25921991418980145,0.05160223109553734,0.0860706106014927,11.277161598205566,0.30901527921358735
