epoch,mAP,loss
0,89.77047729492188,7.426848566782502
1,91.21971130371094,2.1031565858541663
2,91.92074584960938,2.5936057343717915
3,91.64248657226562,2.5044314587708425
4,91.97595977783203,2.486686768609073
5,91.52611541748047,2.691721409210192
6,91.09953308105469,3.2473994469592076
7,91.15367126464844,3.802574254488135
8,90.90855407714844,4.255497610241611
9,91.13407135009766,3.8252341926386726
10,91.33390045166016,3.86527986215467
11,90.9468994140625,3.8720625017879473
