epoch,mAP,loss
0,89.87384796142578,1.898648993649276
1,91.16545104980469,2.0825810122855857
2,90.85160827636719,2.304652081853639
3,91.22198486328125,2.5439876362272154
4,90.32278442382812,2.663390799791152
5,90.62847137451172,2.8152132748185323
6,90.41497039794922,2.9702869907250204
