epoch,OP,OR,OF1,CP,CR,CF1,OP_3,OR_3,OF1_3,CP_3,CR_3,CF1_3,map,loss
0,0.6537077033837293,0.8031844316674038,0.7207779321293908,0.12418570102975335,0.1883809331759847,0.1496910782338988,0.8219086021505376,0.27045555064130916,0.4069883527454243,0.39561012521051153,0.06101235844786541,0.10572018518039893,17.4416446685791,0.3424705848578483
1,0.7496087636932708,0.42389380530973453,0.5415488976823064,0.7493055555555556,0.09341844526315275,0.16612546921421195,0.89453125,0.15199115044247788,0.25983358547655067,0.8798076923076923,0.02834575626824275,0.054922027655536027,17.934589385986328,nan
