epoch,OP,OR,OF1,CP,CR,CF1,OP_3,OR_3,OF1_3,CP_3,CR_3,CF1_3,map,loss
0,0.48372043694983563,0.8066855323664662,0.6047868461181463,0.09389433822974631,0.1807047085490435,0.1235776250736947,0.705470737913486,0.39228864520693313,0.5042055012502842,0.2915565276724791,0.054791090161630994,0.09224662837188191,13.142559051513672,0.022532996131491116
