epoch,OP,OR,OF1,CP,CR,CF1,OP_3,OR_3,OF1_3,CP_3,CR_3,CF1_3,map,loss
0,0.39183260209247384,0.7638157894736842,0.5179567254070935,0.13018388471076414,0.2927227005193549,0.18021841998936666,0.6609848484848485,0.22960526315789473,0.3408203125,0.4472671127060635,0.06587136791311679,0.11483097701403348,20.753700256347656,0.040793865072456276
1,0.599438465138044,0.8449868073878628,0.7013413632630715,0.4947596340296235,0.27036350472481246,0.349656001438864,0.8333333333333334,0.29023746701846964,0.43052837573385516,0.811763297017056,0.07168423976814096,0.1317353490623764,23.76256561279297,0.029337975958531555
2,0.6060606060606061,0.845442536327609,0.706012134583563,0.46577171439385007,0.2691358024691358,0.34114726341596247,0.8314393939393939,0.2899603698811096,0.42997061704211553,0.9007730384301131,0.06770291193994321,0.1259400559722863,26.14702033996582,0.028240954757414078
3,0.5826983415508741,0.8575197889182058,0.6938884440886043,0.5367777329051988,0.2898589065255732,0.37644062526509203,0.865530303030303,0.30145118733509235,0.44716242661448147,0.9083809205500383,0.07272512702905153,0.13466865890956162,30.32744789123535,0.027492925270714546
