epoch,OP,OR,OF1,CP,CR,CF1,OP_3,OR_3,OF1_3,CP_3,CR_3,CF1_3,map,loss
0,0.3866789065687474,0.7806836902800659,0.5171896316507504,0.09122645320948172,0.23104392022378387,0.1308051817055709,0.749113475177305,0.34802306425041185,0.4752530933633296,0.27017730822298736,0.05697519496914526,0.09410537692388189,13.923803329467773,0.02888480213252787
1,0.4773510878611342,0.8280057743864714,0.605580693815988,0.36023075289302986,0.23770365809516011,0.28641324582584743,0.8523936170212766,0.3965766137347907,0.5413089373680506,0.8257806337491121,0.06074051812625601,0.1131576916048601,18.28891372680664,0.024020307657725004
