epoch,OP,OR,OF1,CP,CR,CF1,OP_3,OR_3,OF1_3,CP_3,CR_3,CF1_3,map,loss
0,0.4636363636363636,0.6982142857142857,0.5572446555819477,0.09071280935670438,0.1969965303764319,0.12422334791456434,0.6928571428571428,0.3464285714285714,0.46190476190476193,0.18742975350518798,0.06723931198962455,0.09897274054536058,17.171655654907227,0.4275535191808428
1,0.7261219792865362,0.7538829151732378,0.7397420867526378,0.6926988036593948,0.15473484848484848,0.25296291729426895,0.8142857142857143,0.40860215053763443,0.5441527446300716,0.8142857142857142,0.075,0.13734939759036144,21.428783416748047,0.187547378880637
2,0.7340332458442694,0.4994047619047619,0.5944031172511512,0.720122325977914,0.10327060848151777,0.18063665031006923,0.822463768115942,0.2702380952380952,0.40681003584229386,0.8662655279503105,0.05001367935761945,0.09456752048484643,17.225879669189453,nan
3,-1,-1,-1,-1,0.0,-1,-1,-1,-1,-1,0.0,-1,17.261560440063477,nan
