epoch,OP,OR,OF1,CP,CR,CF1,OP_3,OR_3,OF1_3,CP_3,CR_3,CF1_3,map,loss
0,0.5829315332690453,0.4982485060787142,0.5372736362626375,0.08695868580907985,0.0876982046586484,0.08732687962678329,0.7632978723404256,0.35483206264166495,0.484456322970882,0.3085056876693042,0.05331704166829067,0.0909208254245507,12.804121971130371,0.2880020075021907
