epoch,OP,OR,OF1,CP,CR,CF1,OP_3,OR_3,OF1_3,CP_3,CR_3,CF1_3,map,loss
0,0.4621500172830971,0.7977326968973747,0.5852484132195228,0.10178838997873381,0.23790789681840874,0.14257595812246163,0.7107142857142857,0.3562052505966587,0.4745627980922098,0.31976217082653047,0.07040184051858325,0.11539683158779532,17.143047332763672,0.025922702359301705
1,0.6345558992487847,0.8588516746411483,0.7298602287166455,0.49339748575683245,0.22631720485168758,0.31030168291527926,0.819047619047619,0.41148325358851673,0.5477707006369427,0.8262768157768159,0.07623838697686466,0.13959656621628583,21.613183975219727,0.019134855296994952
2,0.6474530831099196,0.8661087866108786,0.7409869598568141,0.5394306182346534,0.2350896270745467,0.3274660504781268,0.861904761904762,0.4327555289898386,0.5762037405491445,0.8911217639521111,0.08104072771447098,0.14857013483225412,27.100234985351562,0.01835124168012824
3,0.6467509812472743,0.8816884661117717,0.7461635220125786,0.5254877758519675,0.258995159273246,0.34697705739437407,0.875,0.43697978596908443,0.5828707375099127,0.918982951707815,0.0824126384007848,0.15126052170325338,33.01427459716797,0.01761575319937297
