epoch,mAP,loss
0,72.83087921142578,47.19308829537121
1,88.29227447509766,3.418429995419393
2,90.13115692138672,2.8745789076758888
3,90.97335815429688,2.6984404876592554
4,90.32024383544922,2.8547650705946093
