epoch,mAP,loss
0,75.63480377197266,21.65265147853258
1,86.47481536865234,3.316572884397462
2,88.18101501464844,2.899461682255607
3,89.56671905517578,2.6120670254879004
4,89.85560607910156,2.637293651141478
5,89.83338165283203,2.6645391700223113
6,89.53970336914062,2.7169882010263673
7,88.82047271728516,3.299601914681383
