epoch,mAP,loss
0,88.1903076171875,2.1754882240557767
1,89.52372741699219,2.079519803229677
2,89.84449768066406,2.2422220156601065
3,89.73109436035156,2.3899235700396755
4,89.98921966552734,2.523200552833705
