epoch,mAP,loss
0,87.09627532958984,3.3008455088082855
1,89.24072265625,2.1113887737508974
2,89.17061614990234,2.321001318146306
3,88.96846771240234,2.494199019991263
4,89.17253875732422,2.5942432524782415
