epoch,mAP,loss
0,88.31351470947266,3.806385849660172
1,89.37870788574219,1.994307715676345
2,89.35250854492188,2.084149581263613
3,89.85867309570312,2.256216684527992
4,89.77090454101562,2.4386603639780056
