epoch,mAP,loss
0,87.84779357910156,3.6689030624813372
1,89.3221664428711,2.0578682517947953
2,89.8118667602539,2.1774923337374936
3,89.3151626586914,2.4350725234251716
4,89.22845458984375,2.501779261950858
5,89.28273010253906,2.7646821086414093
6,89.09554290771484,2.9408293909238243
