epoch,mAP,loss
0,85.0195541381836,10.078022746961098
1,89.71302795410156,2.2197628815798045
2,90.38346862792969,2.1553603304957423
3,90.38481903076172,2.4204988844252058
4,90.087890625,2.496504278189949
5,89.8472671508789,2.636247739522491
6,89.60791015625,2.90605587253739
7,89.48200988769531,2.8683076166052035
8,89.3819808959961,3.138867020122758
