epoch,mAP,loss
0,72.56671142578125,9.864514041143728
1,78.96376037597656,4.175716039444099
2,86.62405395507812,3.0079676314286576
3,88.27230072021484,2.6185412486961313
4,88.53572082519531,2.958264184867172
5,89.03858184814453,3.186089476921494
6,88.35870361328125,2.904719100132625
