epoch,mAP,loss
0,87.75426483154297,2.2854004102199275
1,88.92300415039062,2.1184585304338963
2,89.72056579589844,2.184881654825505
3,89.59566497802734,2.422749614360982
4,89.74319458007812,2.48163603907233
5,89.832763671875,2.7090362475511136
