epoch,mAP,loss
0,88.09361267089844,2.210580618378222
1,89.14530944824219,2.3418983037710337
2,89.73812103271484,2.4494352811611853
3,89.97297668457031,2.7738803122525675
4,89.46515655517578,3.1032548735259007
