epoch,mAP,loss
0,88.45979309082031,3.658999184794735
1,89.56562805175781,2.071258652407008
2,89.8545150756836,2.089769397100036
3,89.5194091796875,2.3588982534888157
4,89.91907501220703,2.4472701375717345
5,89.630615234375,2.774907531383278
