epoch,mAP,loss
0,85.15186309814453,9.17786518907612
1,89.96612548828125,2.1087968533210426
2,90.1810302734375,2.2661739398188603
3,89.99455261230469,2.21848398741166
4,89.67913055419922,2.730151898605545
5,89.68380737304688,2.7190662196861686
6,89.36384582519531,3.0836214107272952
7,89.15031433105469,2.9908225483413493
8,89.20589447021484,3.113982302624799
