epoch,mAP,loss
0,87.31787872314453,5.797968875263215
1,89.43489837646484,2.1515523223347324
2,89.13638305664062,2.493005929112518
3,89.78533935546875,2.50675276238497
4,89.99382781982422,2.470495352242269
5,89.80286407470703,2.6978008031814364
6,89.42435455322266,2.909974027922097
7,89.23255157470703,2.919593268305966
