epoch,mAP,loss
0,87.69496154785156,2.172184786819527
1,89.63748931884766,2.1436190577185488
2,89.89450073242188,2.2492394199213117
3,90.0278549194336,2.408390019411804
4,89.8173828125,2.7056819874347537
5,89.7086410522461,2.67274231099853
