epoch,mAP,loss
0,89.18643188476562,1.9322160672342261
1,91.18388366699219,1.8833456894259468
2,91.8001480102539,2.0129596502768403
3,91.65699005126953,2.1204726395944986
4,91.524658203125,2.332918351287431
5,91.14535522460938,2.489921027641016
6,91.27842712402344,2.7061991894524398
7,90.83937072753906,2.7891699855542327
8,90.69485473632812,2.9641240689939616
9,90.90209197998047,2.9279314464165798
