epoch,mAP,loss
0,88.90653991699219,6.803708393180897
1,91.21307373046875,1.9087953429807556
2,91.0997543334961,1.9506223377484317
3,91.51806640625,2.101756978136079
4,91.24368286132812,2.2553659080014685
5,91.42974090576172,2.2222074752550114
6,91.13384246826172,2.6279806472324996
7,91.17411041259766,2.7065840921543756
8,91.2118911743164,2.7858042170584034
