epoch,mAP,loss
0,74.96617126464844,27.44887062189845
1,88.37248229980469,13.136088452932333
2,90.81743621826172,2.7110761024166177
3,91.38871765136719,2.1449971493056768
4,91.65204620361328,2.213852486649891
5,91.54517364501953,2.3237683767744706
6,91.87262725830078,2.4266643442983846
7,91.49502563476562,2.5843125728676615
8,91.92058563232422,2.6056248076479727
9,91.50302124023438,2.6911621263298846
