epoch,mAP,loss
0,61.25693893432617,21.37967725331642
1,66.3545150756836,19.6194196082471
2,67.67974090576172,19.297648964675457
3,69.19476318359375,20.70273485553477
4,69.86935424804688,19.475733362222517
5,70.50630187988281,20.316863086574138
6,70.98306274414062,19.32639639057907
7,71.467041015625,19.125580192189993
