epoch,mAP,loss
0,78.9951171875,6.819849677925543
1,80.9129409790039,5.720975819138603
2,81.89449310302734,5.631852790785532
3,82.04962921142578,5.704424896224825
4,81.8307876586914,6.0478280716258315
5,81.905029296875,6.035982891170969
6,81.6910629272461,6.41363782865358
7,81.67351531982422,6.573357264955134
8,81.46476745605469,7.189670894710236
