epoch,mAP,loss
0,67.45304107666016,7.187673039120505
1,71.35540008544922,6.86116693035273
2,73.27606964111328,6.522057088492179
3,75.16886138916016,6.644703433856436
4,75.71586608886719,6.611648629670766
5,76.14420318603516,6.164525431654564
6,77.12957000732422,6.22904941829611
