epoch,mAP,loss
0,78.83013153076172,8.523006394529569
1,80.88329315185547,5.737955640610283
2,81.63585662841797,5.460734940981056
3,81.78984069824219,5.771037921453909
4,81.826171875,5.899005063804945
5,81.77973937988281,6.012432643400447
6,81.43605041503906,6.504810170229882
7,81.09867858886719,6.920189726911187
8,80.97698974609375,6.908637758843923
9,80.9113998413086,7.411930386801534
