epoch,mAP,loss
0,79.58234405517578,5.503647020541022
1,80.7335205078125,5.448965999729606
2,81.6157455444336,5.431478520394912
3,82.11690521240234,5.320828695289531
4,82.27420806884766,5.424213057525327
5,82.3644790649414,5.566245464400447
6,81.9394760131836,5.673498956760419
7,81.80626678466797,5.898489730519896
8,81.49430084228516,6.250503505085134
9,81.39995574951172,6.32903144346107
