epoch,mAP,loss
0,79.54203796386719,5.760868750211681
1,81.2623291015625,5.485490808579376
2,81.82746124267578,5.362495413889602
3,81.62306213378906,5.397251432758536
4,81.7804183959961,5.546981689136519
5,81.83759307861328,5.716043427706916
6,81.69998168945312,5.7651313841824425
7,81.34859466552734,5.998808442872256
8,81.06124114990234,6.368824915181067
