epoch,mAP,loss
0,81.89518737792969,6.245158682573775
1,85.02574157714844,4.516291661108182
2,86.95194244384766,4.151667918499816
3,88.45635986328125,4.047725387890318
4,89.65733337402344,3.7485532359384717
5,90.28692626953125,3.824598742555772
6,91.12501525878906,3.610931731857023
7,91.64151000976562,3.5387614076804423
8,92.07191467285156,3.447044233640965
9,92.46360778808594,3.4481246234291754
