epoch,mAP,loss
0,76.03656005859375,20.921495150479846
1,78.37097930908203,16.79335199313325
2,79.69760131835938,16.51533117721846
3,80.2480239868164,16.655177814894998
4,80.92355346679688,15.545596022020442
5,81.3700942993164,16.95522821199915
6,81.65472412109375,15.83628227271632
7,81.75919342041016,16.47087252034128
8,82.13292694091797,15.795579660882467
