epoch,mAP,loss
0,76.03656005859375,20.921495150479846
1,78.37097930908203,16.79335199313325
