epoch,mAP,loss
0,39.17264175415039,36.50432622105317
1,51.239646911621094,28.259575340012123
2,56.13471984863281,26.44805641705846
3,59.26655960083008,23.84217617854548
4,61.4795036315918,23.401758869745812
5,62.7791748046875,23.146264721388192
6,63.85300064086914,21.777811172898243
7,64.63098907470703,21.38471479023022
