epoch,mAP,loss
0,66.2232666015625,7.081668276104387
1,69.57612609863281,7.100096165813106
2,71.82453155517578,6.628105627865511
3,73.22029876708984,6.7179042236463316
4,74.61820983886719,6.369474267137464
5,75.02286529541016,6.58858930693933
6,75.50785827636719,6.307290369351821
7,75.78648376464844,6.492146466580052
8,75.7522964477539,6.530115091553567
9,75.56633758544922,6.767977352158493
10,75.71500396728516,6.885686517926078
11,75.49295043945312,7.233902292884094
