epoch,mAP,loss
0,77.50181579589844,5.637385787207315
1,79.31505584716797,5.68194737501157
2,80.00531005859375,5.6222814359416855
3,80.27385711669922,5.7416776849711795
4,80.33165740966797,5.926248095544975
5,80.09395599365234,6.1874874082247455
6,80.08525085449219,6.213358956698937
7,79.89491271972656,6.299381194900933
