epoch,mAP,loss
0,78.06402587890625,5.625927278773141
1,79.37367248535156,5.681670269335036
2,80.07557678222656,5.532793661916967
3,80.43497467041016,5.625987357379951
4,80.24490356445312,5.99006202682118
5,80.34159851074219,5.938956169462386
6,80.0408935546875,6.287139597340903
7,79.94876861572266,6.51172599085351
8,79.83783721923828,6.603790879760442
