epoch,mAP,loss
0,77.72008514404297,6.7820240197510655
1,79.36074829101562,5.562703156651848
2,79.93006896972656,5.800505710570076
3,80.12789154052734,5.8566386536200294
4,80.1294174194336,6.205042567823628
5,79.82030487060547,6.389139154796371
6,79.9685287475586,6.62761534334347
7,79.68032836914062,7.005806156484424
8,79.36701202392578,7.300436355433479
9,79.0746841430664,7.79367737703134
