epoch,mAP,loss
0,66.26145935058594,7.353844786678758
1,69.10503387451172,7.752925231491458
2,72.15203094482422,7.028802868733972
3,73.41404724121094,7.130769272593843
4,74.18795776367188,7.036077053786435
5,74.79542541503906,7.2295370997008375
6,75.46769714355469,6.773257379705805
7,75.78141784667969,7.060694449019666
8,75.77487182617188,6.806708871427233
9,76.00502014160156,6.900897316612377
10,75.70993041992188,7.079522988687894
11,75.79926300048828,7.3313665876165865
