epoch,mAP,loss
0,31.982189178466797,41.634829081409386
1,45.24833679199219,30.362672789866178
2,51.66173553466797,27.133242672863627
3,55.218170166015625,24.989760553644366
4,57.837188720703125,24.069670970254105
