epoch,mAP,loss
0,79.2063980102539,7.001644640631363
1,80.9185791015625,5.509582430365008
2,81.80075073242188,5.488528632578438
3,82.12873077392578,5.831829324485025
4,82.11949157714844,5.830540863830173
5,81.85812377929688,6.390814151825544
6,81.55448150634766,6.416418580901058
7,81.66275024414062,6.616296440892535
8,81.265869140625,6.9894926773327
9,80.86587524414062,7.244976253521079
