epoch,mAP,loss
0,86.46232604980469,9.824163705151545
1,89.72595977783203,2.1642854829745413
2,89.83497619628906,2.2731363917438347
3,89.66077423095703,2.4304650324349404
4,89.4504165649414,2.819739700101592
5,89.34707641601562,3.0740882002093963
6,89.14867401123047,3.4314511019782636
7,88.93455505371094,3.473768434547493
8,88.8155746459961,4.040652174815184
9,88.82789611816406,3.685939816350662
10,88.79302215576172,3.4855192622433773
