epoch,OP,OR,OF1,CP,CR,CF1,OP_3,OR_3,OF1_3,CP_3,CR_3,CF1_3,map,loss
0,0.552062474969964,0.4881373937677054,0.5181356887803045,0.09007530884081212,0.07893138397505538,0.08413594361652793,0.7020609318996416,0.27744334277620397,0.39771573604060917,0.20829802555293628,0.037830219632040744,0.06403133496251803,10.482756614685059,nan
