epoch,OP,OR,OF1,CP,CR,CF1,OP_3,OR_3,OF1_3,CP_3,CR_3,CF1_3,map,loss
0,0.5905278737049827,0.4027590847913863,0.47889577915583115,0.07735002839291412,0.053989572805896405,0.06359232023456474,0.7770618556701031,0.30434051144010765,0.4373791102514506,0.15506083108102106,0.03637984530374719,0.058933024620747176,10.188568115234375,nan
