epoch,OP,OR,OF1,CP,CR,CF1,OP_3,OR_3,OF1_3,CP_3,CR_3,CF1_3,map,loss
0,0.4318380850442736,0.7467608951707891,0.547225647348952,0.1026521290195505,0.1661324733104658,0.12689604937759108,0.748587570621469,0.3567221941780246,0.4831908831908832,0.27310593171292824,0.04456511272524832,0.07662641493967996,12.310285568237305,0.028156961282809912
