epoch,mAP,loss
0,88.52511596679688,7.258694066754839
1,91.35398864746094,1.8535561532937654
2,91.20696258544922,2.0054815354213864
3,91.60231018066406,2.190111579581104
4,91.55742645263672,2.300369241162053
5,91.83856201171875,2.366529378690948
6,91.45587158203125,2.513343811254824
